v_products_options_values_id,v_language_id,v_products_options_values_name
206514,1,"0.06 Fl Oz"
206515,1,"0.5 Gal"
206516,1,"0.5 Oz"
206517,1,"0.9 Oz"
206518,1,"0.75 Oz"
206519,1,"0.88 Lb"
206520,1,"0.125 Fl Oz"
206521,1,"1 C"
206522,1,"1 Count"
206523,1,"1 Fl Oz"
206524,1,"1 Gal"
206525,1,"1 Lb"
206526,1,"1 Oz"
206527,1,"1 Pt"
206528,1,"1 Qt"
206529,1,"1 in"
206530,1,"1.06 Oz"
206531,1,"1.2 Oz"
206532,1,"1.2 Qt"
206533,1,"1.3 Oz"
206534,1,"1.5 C"
206535,1,"1.5 Fl Oz"
206536,1,"1.5 Gal"
206537,1,"1.5 Lb"
206538,1,"1.5 Oz"
206539,1,"1.5 mm"
206540,1,"1.7 Pt"
206541,1,"1.7 Qt"
206542,1,"1.8 Pt"
206543,1,"1.8 Qt"
206544,1,"1.9 Qt"
206545,1,"1.9 lb"
206546,1,"1.11 Pt"
206547,1,"1.23 Oz"
206548,1,"1.25 Oz"
206549,1,"1.25 Pt"
206550,1,"1.59 Qt"
206551,1,"1.62 Fl Oz"
206552,1,"1.64 Qt"
206553,1,"1.65 Qt"
206554,1,"1.69 Pt"
206555,1,"1.71 Pt"
206556,1,"1.75 Lb"
206557,1,"1.75 Pt"
206558,1,"1.75 in"
206559,1,"1.85 Qt"
206560,1,"1.95 Qt"
206561,1,"2 Count"
206562,1,"2 Fl Oz"
206563,1,"2 Gal"
206564,1,"2 Lb"
206565,1,"2 Oz"
206566,1,"2 Qt"
206567,1,"2 in"
206568,1,"2.2 Fl Oz"
206569,1,"2.2 Oz"
206570,1,"2.5 FL Oz"
206571,1,"2.5 Gal"
206572,1,"2.5 Lb"
206573,1,"2.5 Oz"
206574,1,"2.5 in"
206575,1,"2.6 Oz"
206576,1,"2.7 Lb"
206577,1,"2.8 Oz"
206578,1,"2.64 lb"
206579,1,"2.65 Oz"
206580,1,"2.75 Lb"
206581,1,"2.75 Oz"
206582,1,"2.75 Qt"
206583,1,"2X Large"
206584,1,"2X Small"
206585,1,"3 C"
206586,1,"3 Count"
206587,1,"3 Fl Oz"
206588,1,"3 Gal"
206589,1,"3 Lb"
206590,1,"3 Lb 5 Oz"
206591,1,"3 Oz"
206592,1,"3 Qt"
206593,1,"3 in"
206594,1,"3.06 Qt"
206595,1,"3.1 Qt"
206596,1,"3.2 FL Oz"
206597,1,"3.2 mm"
206598,1,"3.3 Lb"
206599,1,"3.4 Fl Oz"
206600,1,"3.5 Fl Oz"
206601,1,"3.5 Lb"
206602,1,"3.5 Oz"
206603,1,"3.5 in"
206604,1,"3.7 Lb"
206605,1,"3.8 Lb"
206606,1,"3.25 Oz"
206607,1,"3.52 Oz"
206608,1,"3.53 Lb"
206609,1,"3.75 Lb"
206610,1,"3.75 in"
206611,1,"3X Large"
206612,1,4
206613,1,"4 Count"
206614,1,"4 Fl Oz"
206615,1,"4 Ft"
206616,1,"4 Gal"
206617,1,"4 Lb"
206618,1,"4 Oz"
206619,1,"4 Qt"
206620,1,"4 in"
206621,1,"4'L x 0.5""W"
206622,1,"4'L x 0.75""W"
206623,1,"4'L x 0.375""W"
206624,1,"4'L x 0.625""W"
206625,1,"4'L x 1""W"
206626,1,"4'L x 3mmW"
206627,1,"4'L x 4mmW"
206628,1,"4-10 lbs"
206629,1,"4.3 Gal"
206630,1,"4.4 Lb"
206631,1,"4.5 Lb"
206632,1,"4.5 Oz"
206633,1,"4.5 in"
206634,1,"4.5""L x 4.5""W x 1.5""H"
206635,1,"4.7 Fl Oz"
206636,1,"4.8 Fl Oz"
206637,1,"4.9 Oz"
206638,1,"4.31 Qt"
206639,1,"4.69 Lb"
206640,1,4F
206641,1,4FC
206642,1,"5 Count"
206643,1,"5 Fl Oz"
206644,1,"5 Ft"
206645,1,"5 Lb"
206646,1,"5 Oz"
206647,1,"5 in"
206648,1,"5""L x 0.375""W"
206649,1,"5""L x 5""W x 1.5""H"
206650,1,"5""L x 5""W x 4.2""H"
206651,1,"5'L x 1""W"
206652,1,"5'L x 5'W x 5'H"
206653,1,"5-14 lbs"
206654,1,"5.07 Fl Oz"
206655,1,"5.3 Oz"
206656,1,"5.4 Oz"
206657,1,"5.5 Lb"
206658,1,"5.5 Oz"
206659,1,"5.5 in"
206660,1,"5.6 Qt"
206661,1,"5.8 Oz"
206662,1,"5.29 Oz"
206663,1,"5.75""L x 13.5""W x 4""H"
206664,1,"5/8 in"
206665,1,5FC
206666,1,6
206667,1,"6 Count"
206668,1,"6 Ct"
206669,1,"6 Fl Oz"
206670,1,"6 Ft"
206671,1,"6 L"
206672,1,"6 Lb"
206673,1,"6 Lb Bonus Bag"
206674,1,"6 Oz"
206675,1,"6 Qt"
206676,1,"6 in"
206677,1,"6""L x 0.625""W"
206678,1,"6""L x 6""W x 2.75""H"
206679,1,"6""L x 20""W"
206680,1,"6'L x 0.75""W"
206681,1,"6'L x 0.375""W"
206682,1,"6'L x 0.625""W"
206683,1,"6'L x 1""W"
206684,1,"6'L x 6'W x 4'H"
206685,1,"6.2 Oz"
206686,1,"6.3 mm"
206687,1,"6.5 Oz"
206688,1,"6.5 in"
206689,1,"6.5""L x 6.5""W x 2""H"
206690,1,"6.5""L x 6.5""W x 3.5""H"
206691,1,"6.5""L x 14""W x 5""H"
206692,1,"6.6 Lb"
206693,1,"6.24 Oz"
206694,1,"6.76 Fl Oz"
206695,1,"7 Count"
206696,1,"7 Fl Oz"
206697,1,"7 Lb"
206698,1,"7 Lb Bonus Bag"
206699,1,"7 Oz"
206700,1,"7 in"
206701,1,"7""L x 7""W x 2.5""H"
206702,1,"7.1 Oz"
206703,1,"7.2 Oz"
206704,1,"7.4 Fl Oz"
206705,1,"7.4 Lb"
206706,1,"7.5 Lb"
206707,1,"7.5 Oz"
206708,1,"7.7 Lb"
206709,1,7F
206710,1,7FC
206711,1,"8 Count"
206712,1,"8 Fl Oz"
206713,1,"8 Lb"
206714,1,"8 Oz"
206715,1,"8 Qt"
206716,1,"8 in"
206717,1,"8""L x 0.5""W"
206718,1,"8""L x 0.75""W"
206719,1,"8""L x 0.375""W"
206720,1,"8""L x 8""W x 2.5""H"
206721,1,"8""L x 8""W x 3""H"
206722,1,"8""L x 8""W x 4""H"
206723,1,"8""L x 13.25""W x 3.5""H"
206724,1,"8""L x 14""W"
206725,1,"8.4 Fl Oz"
206726,1,"8.5 Fl Oz"
206727,1,"8.5 Lb"
206728,1,"8.5""L x 8.5""W"
206729,1,"8.5""L x 16.5""W x 5.5""H"
206730,1,"8.8 Fl Oz"
206731,1,"8.8 Lb"
206732,1,"8.8 Oz"
206733,1,"9 Count"
206734,1,"9 Lb"
206735,1,"9 Oz"
206736,1,"9 in"
206737,1,"9""L x 0.75""W"
206738,1,"9""L x 0.625""W"
206739,1,"9""L x 1""W"
206740,1,"9""L x 9""W"
206741,1,"9""L x 12""W"
206742,1,"9.4 Lb"
206743,1,"9.5 Lb"
206744,1,"9.5 in"
206745,1,"9.5 mm"
206746,1,"9.5""L x 0.75""W"
206747,1,"9.8 Fl Oz"
206748,1,"9.9 Gal"
206749,1,"9.9 Lb"
206750,1,"9.25""L x 9.25""W x 2.75""H"
206751,1,10
206752,1,"10 Count"
206753,1,"10 Fl Oz"
206754,1,"10 Ft"
206755,1,"10 Lb"
206756,1,"10 Oz"
206757,1,"10 Qt"
206758,1,"10 in"
206759,1,"10""L x 0.75""W"
206760,1,"10""L x 0.375""W"
206761,1,"10""L x 0.625""W"
206762,1,"10""L x 13""W x 10""H"
206763,1,"10""L x 16.5""W x 4.25""H"
206764,1,"10""L x 18""W"
206765,1,"10'L x 6'W x 6'H"
206766,1,"10'L x 10'W x 6'H"
206767,1,"10.1 Fl Oz"
206768,1,"10.3 Lb"
206769,1,"10.4 Oz"
206770,1,"10.5 Fl Oz"
206771,1,"10.5 Oz"
206772,1,"10.5""L x 0.75""W"
206773,1,"10.98 Fl Oz"
206774,1,"11 Count"
206775,1,"11 Fl Oz"
206776,1,"11 Lb"
206777,1,"11 Oz"
206778,1,"11 in"
206779,1,"11""L x 14""W x 20""H"
206780,1,"11""L x 23.5""W"
206781,1,"11.3 Oz"
206782,1,"11.4 Oz"
206783,1,"11.5 Lb"
206784,1,"11.5""L x 18""W"
206785,1,"11.6 Oz"
206786,1,"11.75""L x 19""W"
206787,1,"11.85 Oz"
206788,1,12
206789,1,"12 Count"
206790,1,"12 Ct"
206791,1,"12 Fl Oz"
206792,1,"12 Ft"
206793,1,"12 Lb"
206794,1,"12 Oz"
206795,1,"12 Qt"
206796,1,"12 in"
206797,1,"12""L x 0.375""W"
206798,1,"12""L x 0.625""W"
206799,1,"12""L x 5.5""W x 2.5""H"
206800,1,"12""L x 12""W x 11""H"
206801,1,"12""L x 19""W"
206802,1,"12""L x 20""W"
206803,1,"12.1 Fl Oz"
206804,1,"12.3 Oz"
206805,1,"12.5 Lb"
206806,1,"12.5 Oz"
206807,1,"12.5""L x 18.5""W"
206808,1,"12.6""L x 12.2""W x .3""H"
206809,1,"12.7 Fl Oz"
206810,1,"12.7 Oz"
206811,1,"12.8 Fl Oz"
206812,1,"12.8 Oz"
206813,1,"12.9  Oz"
206814,1,"12.9""L x 8.75""W x 4.75""H"
206815,1,"12.25 in"
206816,1,"12.25""L x 15.5""W x 23""H"
206817,1,"12.75 Qt"
206818,1,"13 Fl Oz"
206819,1,"13 Lb"
206820,1,"13 Oz"
206821,1,"13 in"
206822,1,"13.2 Lb"
206823,1,"13.2 Oz"
206824,1,"13.3 Oz"
206825,1,"13.4 Oz"
206826,1,"13.5 Lb"
206827,1,"13.5 Oz"
206828,1,"13.6 Fl Oz"
206829,1,"13.6 Oz"
206830,1,"13.8 Oz"
206831,1,"14 Count"
206832,1,"14 Fl Oz"
206833,1,"14 Lb"
206834,1,"14 Oz"
206835,1,"14 in"
206836,1,"14""L x 0.5""W"
206837,1,"14""L x 0.75""W"
206838,1,"14""L x 0.625""W"
206839,1,"14""L x 1""W"
206840,1,"14""L x 18""W"
206841,1,"14""L x 20""W"
206842,1,"14""L x 22""W"
206843,1,"14""L x 28""W"
206844,1,"14.1 Oz"
206845,1,"14.2 Fl Oz"
206846,1,"14.5 Lb"
206847,1,"14.5""L x 6""W x 14.75""H"
206848,1,"14.5""L x 24""W"
206849,1,"14.8""L x 15.1""W x .3""H"
206850,1,"14.33 Lb"
206851,1,"14.37 Fl Oz"
206852,1,"15 Count"
206853,1,"15 Fl Oz"
206854,1,"15 Ft"
206855,1,"15 Lb"
206856,1,"15 Oz"
206857,1,"15 in"
206858,1,"15""L x 8.5""W x 6""H"
206859,1,"15""L x 19""W x 6""H"
206860,1,"15""L x 19""W x 6.5""H"
206861,1,"15""L x 22""W"
206862,1,"15'L x 0.625""W"
206863,1,"15'L x 36""W"
206864,1,"15-30 lbs"
206865,1,"15-40 lbs"
206866,1,"15.1""L x 8""W x 10.2""H"
206867,1,"15.5 Lb"
206868,1,"15.5 in"
206869,1,"15.7""L x 19.7""W"
206870,1,"15.9 Lb"
206871,1,"16 Count"
206872,1,"16 Fl Oz"
206873,1,"16 Lb"
206874,1,"16 Oz"
206875,1,"16 Qt"
206876,1,"16 in"
206877,1,"16""L x 0.5""W"
206878,1,"16""L x 0.75""W"
206879,1,"16""L x 0.625""W"
206880,1,"16""L x 1""W"
206881,1,"16""L x 7""W x 3.25""H"
206882,1,"16""L x 12""W"
206883,1,"16""L x 14""W x 8""H"
206884,1,"16""L x 17""W x 15""H"
206885,1,"16""L x 18""W x 11""H"
206886,1,"16""L x 28""W"
206887,1,"16-40 lbs"
206888,1,"16.3 Lb"
206889,1,"16.5 Lb"
206890,1,"16.5""L x 4""W x 9""H"
206891,1,"16.5""L x 22.5""W"
206892,1,"16.6 Oz"
206893,1,"16.9""L x 10.2""W x 9.8""H"
206894,1,"17 Count"
206895,1,"17 Fl Oz"
206896,1,"17 Lb"
206897,1,"17 Oz"
206898,1,"17 in"
206899,1,"17""L x 1""W"
206900,1,"17""L x 3""W x 20""H"
206901,1,"17""L x 8.5""W x 6""H"
206902,1,"17""L x 10""W"
206903,1,"17""L x 11""W"
206904,1,"17""L x 11""W x 10.5""H"
206905,1,"17""L x 11.25""W x 11.25""H"
206906,1,"17""L x 16.5""W"
206907,1,"17""L x 19""W x 11""H"
206908,1,"17""L x 22""W x 6.5""H"
206909,1,"17""L x 24""W"
206910,1,"17""L x 25""W"
206911,1,"17.3""L x 17.7""W x .3""H"
206912,1,"17.5 Fl Oz"
206913,1,"17.5 Lb"
206914,1,"17.5 Oz"
206915,1,"17.5""L x 11""W"
206916,1,"17.5""L x 11.5""W"
206917,1,"17.5""L x 11.5""W x 1.5""H"
206918,1,"17.5""L x 16""W x 16.1""H"
206919,1,"17.5""L x 30""W"
206920,1,"17.6 Lb"
206921,1,"17.6 Oz"
206922,1,"18 Count"
206923,1,"18 Fl Oz"
206924,1,"18 Gal"
206925,1,"18 Lb"
206926,1,"18 Oz"
206927,1,"18 in"
206928,1,"18""L x 0.75""W"
206929,1,"18""L x 0.625""W"
206930,1,"18""L x 1""W"
206931,1,"18""L x 10.5""W x 11""H"
206932,1,"18""L x 11""W x 11""H"
206933,1,"18""L x 12""W"
206934,1,"18""L x 12""W x 12""H"
206935,1,"18""L x 12""W x 14""H"
206936,1,"18""L x 13""W"
206937,1,"18""L x 14""W"
206938,1,"18""L x 14""W x 7""H"
206939,1,"18""L x 14""W x 11""H"
206940,1,"18""L x 16""W x 15""H"
206941,1,"18""L x 18""W"
206942,1,"18""L x 18""W x 8""H"
206943,1,"18""L x 18""W x 9""H"
206944,1,"18""L x 23""W"
206945,1,"18""L x 25""W x 22""H"
206946,1,"18.1""L x 10.1""W x 10.5""H"
206947,1,"18.5 Lb"
206948,1,"18.5""L x 11.5""W"
206949,1,"18.5""L x 28""W"
206950,1,"18.9""L x 9.4""W x 8""H"
206951,1,"18.9""L x 11""W x 11""H"
206952,1,"18.9""L x 15.75""W x 15.75""H"
206953,1,"18.75""L x 11.25""W"
206954,1,"18.75""L x 11.75""W"
206955,1,"18.75""L x 18.375""W"
206956,1,"19 Count"
206957,1,"19 Lb"
206958,1,"19 Oz"
206959,1,"19 in"
206960,1,"19""L x 10""W x 13""H"
206961,1,"19""L x 11.75""W x 11.5""H"
206962,1,"19""L x 12""W"
206963,1,"19""L x 12""W x 7""H"
206964,1,"19""L x 12.5""W x 12""H"
206965,1,"19""L x 12.7""W x 11.5""H"
206966,1,"19""L x 13""W"
206967,1,"19""L x 15""W"
206968,1,"19""L x 15""W x 17""H"
206969,1,"19""L x 17""W x 9""H"
206970,1,"19""L x 22""W x 17""H"
206971,1,"19""L x 24""W"
206972,1,"19""L x 24""W x 6""H"
206973,1,"19""L x 24""W x 17""H"
206974,1,"19""L x 25""W x 7""H"
206975,1,"19""L x 29.5""W x 14.5""H"
206976,1,"19""L x 30""W x 17""H"
206977,1,"19.3""L x 13.4""W x 13.4""H"
206978,1,"19.5""L x 12.75""W x 10""H"
206979,1,"19.7""L x 19.7""W x 9.1""H"
206980,1,"19.25""L x 12.5""W x 15""H"
206981,1,"20 Count"
206982,1,"20 Fl Oz"
206983,1,"20 Ft"
206984,1,"20 Lb"
206985,1,"20 Lb Bonus Bag"
206986,1,"20 Oz"
206987,1,"20 in"
206988,1,"20""L x 0.75""W"
206989,1,"20""L x 1""W"
206990,1,"20""L x 11.5""W x 12""H"
206991,1,"20""L x 12.25""W x 10.5""H"
206992,1,"20""L x 13""W x 11""H"
206993,1,"20""L x 16""W x 8""H"
206994,1,"20""L x 17""W x 7""H"
206995,1,"20""L x 20""W"
206996,1,"20""L x 25""W"
206997,1,"20""L x 28""W"
206998,1,"20""L x 30""W"
206999,1,"20'L x 0.625""W"
207000,1,"20.2 Fl Oz"
207001,1,"20.3""L x 10.6""W x 10""H"
207002,1,"20.4 Lb"
207003,1,"20.5""L x 25""W x 8""H"
207004,1,"20.33""L x 28""W"
207005,1,"21 Count"
207006,1,"21 Lb"
207007,1,"21 Oz"
207008,1,"21""L x 11""W x 11""H"
207009,1,"21""L x 12""W"
207010,1,"21""L x 12.75""W x 14.5""H"
207011,1,"21""L x 13.5""W"
207012,1,"21""L x 14""W"
207013,1,"21""L x 14.5""W x 14.5""H"
207014,1,"21""L x 15""W x 15""H"
207015,1,"21""L x 17.8""W"
207016,1,"21""L x 21""W"
207017,1,"21""L x 31""W"
207018,1,"21""L x 31""W x 3.5""H"
207019,1,"21.5 Lb"
207020,1,"21.5 in"
207021,1,"21.5""L x 11.5""W x 17""H"
207022,1,"21.7""L x 17.7""W x 9.1""H"
207023,1,"21.7""L x 19.4""W x 7.5""H"
207024,1,"21.875""L x 21.75""W"
207025,1,"22 Count"
207026,1,"22 Fl Oz"
207027,1,"22 Lb"
207028,1,"22 Oz"
207029,1,"22 in"
207030,1,"22""L x 1""W"
207031,1,"22""L x 13""W"
207032,1,"22""L x 13""W x 16""H"
207033,1,"22""L x 14""W"
207034,1,"22""L x 16""W"
207035,1,"22""L x 16""W x 16""H"
207036,1,"22""L x 17""W x 11.5""H"
207037,1,"22""L x 17""W x 17""H"
207038,1,"22""L x 19""W x 10""H"
207039,1,"22""L x 20""W x 16""H"
207040,1,"22""L x 29.5""W x 25.5""H"
207041,1,"22""L x 30""W"
207042,1,"22""L x 34""W"
207043,1,"22""L x 36.5""W x 21""H"
207044,1,"22.5 Lb"
207045,1,"22.5""L x 14""W"
207046,1,"22.5""L x 16""W x 16""H"
207047,1,"22.5""L x 28.5""W"
207048,1,"22.8""L x 15.7""W x 15.7""H"
207049,1,"22.8""L x 17.3""W x 7.1""H"
207050,1,"22.32 Fl Oz"
207051,1,"22.75""L x 16""W"
207052,1,"22.75""L x 16""W x 1.5""H"
207053,1,"23 Lb"
207054,1,"23""L x 14""W x 7""H"
207055,1,"23""L x 16""W"
207056,1,"23""L x 16""W x 19""H"
207057,1,"23""L x 16.75""W x 1""H"
207058,1,"23""L x 17""W"
207059,1,"23""L x 18""W"
207060,1,"23""L x 18""W x 2""H"
207061,1,"23""L x 18""W x 7""H"
207062,1,"23""L x 19""W x 12""H"
207063,1,"23""L x 35""W"
207064,1,"23""L x 36""W"
207065,1,"23""L x 45""W"
207066,1,"23.3 Fl Oz"
207067,1,"23.5 Oz"
207068,1,"23.5 in"
207069,1,"23.5""L x 17.625""W"
207070,1,"23.5""L x 18.6""W"
207071,1,"23.6 Fl Oz"
207072,1,"23.6""L x 23.6W x 9.9""H"
207073,1,"23.6""L x 36""W"
207074,1,"23.8""L x 18.1""W x 22""H"
207075,1,24
207076,1,"24 Count"
207077,1,"24 Fl Oz"
207078,1,"24 Ft"
207079,1,"24 Lb"
207080,1,"24 Oz"
207081,1,"24 ct"
207082,1,"24 in"
207083,1,"24""L x 1""W"
207084,1,"24""L x 2"" W"
207085,1,"24""L x 16""W x 15""H"
207086,1,"24""L x 16""W x 20""H"
207087,1,"24""L x 16.5""W x 20""H"
207088,1,"24""L x 16.8""W x 14.5""H"
207089,1,"24""L x 17""W x 0.5""H"
207090,1,"24""L x 17""W x 20""H"
207091,1,"24""L x 18""W"
207092,1,"24""L x 18""W x 3""H"
207093,1,"24""L x 18""W x 17""H"
207094,1,"24""L x 18""W x 19""H"
207095,1,"24""L x 18""W x 20""H"
207096,1,"24""L x 18""W x 21""H"
207097,1,"24""L x 19""W"
207098,1,"24""L x 19""W x 7""H"
207099,1,"24""L x 21.5""W"
207100,1,"24""L x 22""W x 21""H"
207101,1,"24""L x 24""H"
207102,1,"24""L x 24""W"
207103,1,"24""L x 34""W x 5""H"
207104,1,"24""L x 36""W"
207105,1,"24""L x 36""W x 26""H"
207106,1,"24""L x 36""W x 30""H"
207107,1,"24""W x 24""H"
207108,1,"24""W x 30""H"
207109,1,"24""W x 36""H"
207110,1,"24""W x 38""H"
207111,1,"24""W x 42""H"
207112,1,"24""W x 48""H"
207113,1,"24.5 Fl Oz"
207114,1,"24.5""L x 17.75""W x 40""H"
207115,1,"24.5""L x 23""W x 24""H"
207116,1,"24.6""L x 16.9""W x 15""H"
207117,1,"24.25""L x 24""W"
207118,1,"25 Count"
207119,1,"25 Lb"
207120,1,"25 Oz"
207121,1,"25 in"
207122,1,"25""L x 13""W x 6.5""H"
207123,1,"25""L x 16""W x 23""H"
207124,1,"25""L x 18""W"
207125,1,"25""L x 19""W x 7""H"
207126,1,"25""L x 20""W"
207127,1,"25""L x 20""W x 23""H"
207128,1,"25""L x 21""W"
207129,1,"25""L x 25""W"
207130,1,"25""L x 25""W x 8""H"
207131,1,"25""L x 32""W x .25""H"
207132,1,"25""L x 32""W x 7""H"
207133,1,"25""L x 32""W x 23""H"
207134,1,"25""L x 36""W"
207135,1,"25""L x 37""W"
207136,1,"25""L x 40""W"
207137,1,"25.3 Lb"
207138,1,"25.5""L x 11""W x 20.5""H"
207139,1,"25.5""L x 17.5""W x 19.5""H"
207140,1,"25.6""L x 15.7""W x 10.3""H"
207141,1,"25.6""L x 15.8""W x 10.3""H"
207142,1,"25.6""L x 21.7""W x 9.9""H"
207143,1,"25.6""L x 22.1""W x 8.4""H"
207144,1,"25.7 Fl Oz"
207145,1,"25.8 Fl Oz"
207146,1,"26 Count"
207147,1,"26 Lb"
207148,1,"26 in"
207149,1,"26""L x 1""W"
207150,1,"26""L x 3""W x 32""H"
207151,1,"26""L x 6""W x 6.5""H"
207152,1,"26""L x 17""W x 17""H"
207153,1,"26""L x 19""W x 8""H"
207154,1,"26""L x 19""W x 21""H"
207155,1,"26""L x 20""W"
207156,1,"26""L x 25""H"
207157,1,"26""L x 26""W"
207158,1,"26""L x 32""H"
207159,1,"26""L x 36""W"
207160,1,"26""L x 42""W"
207161,1,"26""L x 46""W"
207162,1,"26.2 Lb"
207163,1,"26.4 Lb"
207164,1,"26.4""W x 21""H"
207165,1,"26.5 Lb"
207166,1,"26.5""L x 37.5""W"
207167,1,"26.8""L x 38.8""W"
207168,1,"26.75""L x 18""W x 19""H"
207169,1,"27 Count"
207170,1,"27 FL Oz"
207171,1,"27 Lb"
207172,1,"27 Oz"
207173,1,"27 in"
207174,1,"27""L x 4""W x 40""H"
207175,1,"27""L x 17""W x 3""H"
207176,1,"27""L x 18.25""W x 21.75""H"
207177,1,"27""L x 20""W x 4""H"
207178,1,"27""L x 20""W x 23""H"
207179,1,"27""L x 23""W x 12""H"
207180,1,"27""L x 24""W x 6""H"
207181,1,"27""L x 27""W x 17""H"
207182,1,"27""L x 36""W"
207183,1,"27""L x 36""W x 4""H"
207184,1,"27""L x 36""W x 7""H"
207185,1,"27.05 Fl Oz"
207186,1,"27.5 Lb"
207187,1,"27.5""L x 18""W x 21""H"
207188,1,"27.5""L x 20.5""W x 20.5""H"
207189,1,"27.9 Fl Oz"
207190,1,"27.75""L x 29.75""W x 30.25""H"
207191,1,"28 Count"
207192,1,"28 Lb"
207193,1,"28 Oz"
207194,1,"28 Qt"
207195,1,"28 in"
207196,1,"28""L x 16""W x 16""H"
207197,1,"28""L x 18""W"
207198,1,"28""L x 20""W x 4""H"
207199,1,"28""L x 20""W x 19.2""H"
207200,1,"28""L x 20.5""W x 21.5""H"
207201,1,"28""L x 21""W x 7""H"
207202,1,"28""L x 22""W x 5""H"
207203,1,"28""L x 28""W"
207204,1,"28""L x 35""W x 7""H"
207205,1,"28""W x 20.9""H"
207206,1,"28.3 Oz"
207207,1,"28.3""L x 13.6""W x 14.5""H"
207208,1,"28.3""W x 27.6"" H"
207209,1,"28.5 Lb"
207210,1,"28.5""L x 49""W"
207211,1,"28.7""L x 25.1""W x 10.5""H"
207212,1,"28.25""L x 28""W"
207213,1,"28.75 Oz"
207214,1,"28.75""L x 18""W"
207215,1,"28.75""L x 18""W x 1.5""H"
207216,1,"29 Count"
207217,1,"29 Lb"
207218,1,"29""L x 18""W"
207219,1,"29""L x 18.25""W x 1""H"
207220,1,"29""L x 21""W"
207221,1,"29""L x 22""W x 21""H"
207222,1,"29""L x 29""W"
207223,1,"29""L x 29""W x 17""H"
207224,1,"29""W x 41""H"
207225,1,"29.1 Lb"
207226,1,"29.1""L x 20.6""W x 20.8""H"
207227,1,"29.4""L x 19.7""W x 7.9""H"
207228,1,"29.4""L x 20.4""W"
207229,1,"29.5""L x 20.625""W"
207230,1,"29.5""L x 21.1""W x 25.2""H"
207231,1,"29.5""L x 21.7""W x 4""H"
207232,1,"29.5""L x 22""W x 24""H"
207233,1,"29.6""L x 19.7""W x 10.3""H"
207234,1,"29.14""L x 36.5""W x 25.9""H"
207235,1,"29.75""L x 37.4375""W"
207236,1,30
207237,1,"30 Count"
207238,1,"30 Fl Oz"
207239,1,"30 Ft"
207240,1,"30 Lb"
207241,1,"30 Oz"
207242,1,"30 in"
207243,1,"30""L x 2""W"
207244,1,"30""L x 13""W x 22""H"
207245,1,"30""L x 18""W x 32""H"
207246,1,"30""L x 19""W"
207247,1,"30""L x 19""W x 21""H"
207248,1,"30""L x 19""W x 22""H"
207249,1,"30""L x 20""W"
207250,1,"30""L x 20""W x 2.5""H"
207251,1,"30""L x 20""W x 3""H"
207252,1,"30""L x 20""W x 5""H"
207253,1,"30""L x 20""W x 6.5""H"
207254,1,"30""L x 20""W x 8""H"
207255,1,"30""L x 20""W x 19""H"
207256,1,"30""L x 21""W"
207257,1,"30""L x 21""W x 21""H"
207258,1,"30""L x 21""W x 24""H"
207259,1,"30""L x 24""W x 8""H"
207260,1,"30""L x 24""W x 9""H"
207261,1,"30""L x 24""W x 24""H"
207262,1,"30""L x 25""W x 9""H"
207263,1,"30""L x 27""W"
207264,1,"30""L x 30""W"
207265,1,"30""L x 30""W x 4""H"
207266,1,"30""L x 40""W"
207267,1,"30""L x 40""W x 6.5""H"
207268,1,"30""L x 40""W x 8""H"
207269,1,"30""L x 42""W"
207270,1,"30""L x 42""W x .25""H"
207271,1,"30""L x 42""W x 4""H"
207272,1,"30""L x 42""W x 7""H"
207273,1,"30""L x 42""W x 28""H"
207274,1,"30""W x 26""H"
207275,1,"30""W x 26.5""H"
207276,1,"30'L x 0.625""W"
207277,1,"30'L x 36""W"
207278,1,"30.4 Fl Oz"
207279,1,"30.5 Lb"
207280,1,"30.5""L x 20""W x 23""H"
207281,1,"30.6 Lb"
207282,1,"30.25""L x 34.5""W x 32.25""H"
207283,1,"30.375""L x 29.625""W"
207284,1,"31 Fl Oz"
207285,1,"31 Lb"
207286,1,"31""L x 19""W x 21""H"
207287,1,"31""L x 20""W x 21.4""H"
207288,1,"31""L x 20""W x 23""H"
207289,1,"31""L x 21""W"
207290,1,"31""L x 21""W x 24""H"
207291,1,"31""L x 23""W x 2.5""H"
207292,1,"31""L x 24""W"
207293,1,"31""L x 27""W x 12""H"
207294,1,"31-60 lbs"
207295,1,"31.1 Lb"
207296,1,"31.5""L x 23""W"
207297,1,"31.5""L x 23.6""W x 8.7""H"
207298,1,"31.5""L x 25.5""W x 27.5""H"
207299,1,"31.5""L x 37""W x 33.25""H"
207300,1,"31.9""L x 22.8""W x 22.8""H"
207301,1,"31.35""L x 19.25""W x 21.5""H"
207302,1,"32 Count"
207303,1,"32 Fl Oz"
207304,1,"32 Lb"
207305,1,"32 Oz"
207306,1,"32 Qt"
207307,1,"32""L x 22""W x 0.5""H"
207308,1,"32""L x 22.5""W x 24""H"
207309,1,"32""L x 23""W x 7""H"
207310,1,"32""L x 26""W x 24""H"
207311,1,"32""L x 26""W x 28""H"
207312,1,"32""L x 28.5""W"
207313,1,"32""L x 32""W"
207314,1,"32""L x 32""W x 31""H"
207315,1,"32""L x 42""W x 7.5""H"
207316,1,"32""L x 47""W x 4""H"
207317,1,"32""L x 48""W"
207318,1,"32.1""L x 21""W x 23""H"
207319,1,"32.5 Qt"
207320,1,"32.5""L x 8.75""W x 29.5""H"
207321,1,"32.5""L x 39.75""W x 34.25""H"
207322,1,"32.9""L x 42.1""W x 29.7""H"
207323,1,"33 Lb"
207324,1,"33""L x 23""W"
207325,1,"33""L x 28""W x 29.5""H"
207326,1,"33""L x 45""W"
207327,1,"33.1""L x 33.1""W x 20.3""H"
207328,1,"33.5""L x 16""W x 30.5""H"
207329,1,"33.5""L x 23.6""W x 4""H"
207330,1,"33.5""L x 24.5""W x 22""H"
207331,1,"33.5""L x 24.6""W x 22""H"
207332,1,"33.8 Fl Oz"
207333,1,"33.25""L x 23.5""W x 22.75""H"
207334,1,"34 Count"
207335,1,"34 Lb"
207336,1,"34""L x 25""W x 6.75""H"
207337,1,"34""L x 48""W x 5""H"
207338,1,"34""W x 30""H"
207339,1,"34.4""L x 23.2""W x 10.5""H"
207340,1,"34.5""L x 23.2""W"
207341,1,"34.75""L x 21.5""W"
207342,1,"34.75""L x 21.5""W x 1.5""H"
207343,1,"35 Count"
207344,1,"35 Fl Oz"
207345,1,"35 Lb"
207346,1,"35""L x 11""W x 4""H"
207347,1,"35""L x 21.5""W x 1""H"
207348,1,"35""L x 22""W"
207349,1,"35""L x 23""W"
207350,1,"35""L x 23""W x 3.75""H"
207351,1,"35""L x 25""W"
207352,1,"35""L x 35""W x 6""H"
207353,1,"35""L x 35""W x 8""H"
207354,1,"35""L x 44""W"
207355,1,"35""L x 46""W x 7""H"
207356,1,"35""L x 48""W"
207357,1,"35.4""L x 24""W x 28""H"
207358,1,"35.5 Fl Oz"
207359,1,"35.5""L x 28""W x 31""H"
207360,1,"35.5""L x 35.5""W x 33.5""H"
207361,1,"35.8""L x 24.8""W x 24.8""H"
207362,1,"35.25""L x 23.5""W"
207363,1,"35.25""L x 41.5""W x 37.25""H"
207364,1,"35.75""L x 23.5""W x 27""H"
207365,1,"36 Count"
207366,1,"36 Lb"
207367,1,"36 Oz"
207368,1,"36 in"
207369,1,"36""L x 2""W"
207370,1,"36""L x 2.75""W"
207371,1,"36""L x 5.5""W"
207372,1,"36""L x 11""W"
207373,1,"36""L x 21""W x 26""H"
207374,1,"36""L x 23""W"
207375,1,"36""L x 23""W x 3""H"
207376,1,"36""L x 23""W x 25""H"
207377,1,"36""L x 23""W x 26""H"
207378,1,"36""L x 23""W x 27""H"
207379,1,"36""L x 24""W"
207380,1,"36""L x 24""W x 2.5""H"
207381,1,"36""L x 24""W x 23""H"
207382,1,"36""L x 24""W x 26""H"
207383,1,"36""L x 24""W x 27""H"
207384,1,"36""L x 24""W x 27.3""H"
207385,1,"36""L x 24""W x 30""H"
207386,1,"36""L x 25""W x 25""H"
207387,1,"36""L x 25""W x 27""H"
207388,1,"36""L x 26""W x 7""H"
207389,1,"36""L x 27""W x 4""H"
207390,1,"36""L x 27""W x 9""H"
207391,1,"36""L x 27""W x 10""H"
207392,1,"36""L x 28""W x 7""H"
207393,1,"36""L x 29""W"
207394,1,"36""L x 29""W x 4""H"
207395,1,"36""L x 32""W x 6""H"
207396,1,"36""L x 36""D x 23.6""H"
207397,1,"36""L x 36""W"
207398,1,"36""L x 36""W x 5""H"
207399,1,"36""L x 36""W x 21""H"
207400,1,"36""L x 36""W x 30""H"
207401,1,"36""L x 36""W x 33""H"
207402,1,"36""L x 48""W x 4""H"
207403,1,"36""L x 48""W x 8""H"
207404,1,"36""W x 28.3""H"
207405,1,"36.1""L x 23.3""W x 26.7""H"
207406,1,"36.1""L x 31.9""W x 36.3""H"
207407,1,"36.5""L x 24.5""W x 27.5""H"
207408,1,"37""L x 23.3""W x 24.4""H"
207409,1,"37""L x 25""W"
207410,1,"37""L x 25""W x 28""H"
207411,1,"37""L x 27""W x 3""H"
207412,1,"37""L x 48.5""W"
207413,1,"37""L x 54""W"
207414,1,"37""L x 56""W x 4""H"
207415,1,"37.5 Lb"
207416,1,"37.5""L x 30.5""W x 22.8""H"
207417,1,"37.25""L x 23""W x 24.75""H"
207418,1,"37.75""L x 44""W x 41.25""H"
207419,1,"38""L x 29""W x 30""H"
207420,1,"38""L x 32.5""W"
207421,1,"38""L x 38""W"
207422,1,"38""W x 38""H"
207423,1,"38.4""L x 46.4""W x 37.5"""
207424,1,"38.5 Lb"
207425,1,"39""L x 27""W x 3""H"
207426,1,"39""L x 28""W x 7""H"
207427,1,"39""L x 29""W x 4""H"
207428,1,"39""W x 39""H"
207429,1,"39-72""L x 17""W x 4""D"
207430,1,"39.4""W x 27.6""H"
207431,1,"39.5""L x 32.5""W"
207432,1,"39.6""L x 21.3""W x 23""H"
207433,1,"39.8""W x 21""H"
207434,1,"39.25""L x 35.25""W x 32.25""H"
207435,1,"39.75""L x 32.9""W x 33.9""H"
207436,1,40
207437,1,"40 Count"
207438,1,"40 Fl Oz"
207439,1,"40 Ft"
207440,1,"40 Lb"
207441,1,"40 Oz"
207442,1,"40""L x 13""W x 6.5""H"
207443,1,"40""L x 27""W"
207444,1,"40""L x 27""W x 30""H"
207445,1,"40""L x 28""W"
207446,1,"40""L x 29""W x 9""H"
207447,1,"40""L x 30""W"
207448,1,"40""L x 30""W x 5""H"
207449,1,"40""L x 30""W x 11""H"
207450,1,"40""L x 32""W x 4""H"
207451,1,"40""L x 32""W x 10""H"
207452,1,"40""L x 33""W x 9.5""H"
207453,1,"40""L x 33""W x 36.5""H"
207454,1,"40""L x 50""W x 6.5""H"
207455,1,"40.1""L x 26.1""W x 29.7""H"
207456,1,"40.7""L x 30""H"
207457,1,"40.75""L x 26.75""W x 28.25""H"
207458,1,"41""L x 26""W"
207459,1,"41""L x 26""W x 1.5""H"
207460,1,"41""L x 27""W"
207461,1,"41""L x 27.375""W"
207462,1,"41""L x 29""W x 28""H"
207463,1,"41.3""W x 23.6""H"
207464,1,"41.5""L x 27.25""W x 1""H"
207465,1,"42""L x 12""W x 4""H"
207466,1,"42""L x 21""W x 30""H"
207467,1,"42""L x 24""W"
207468,1,"42""L x 26""W"
207469,1,"42""L x 27""W x 30""H"
207470,1,"42""L x 28""W"
207471,1,"42""L x 28""W x 3""H"
207472,1,"42""L x 28""W x 27""H"
207473,1,"42""L x 28""W x 28""H"
207474,1,"42""L x 28""W x 30""H"
207475,1,"42""L x 28""W x 31""H"
207476,1,"42""L x 28.5""W x 32""H"
207477,1,"42""L x 29""W"
207478,1,"42""L x 30""W x 4""H"
207479,1,"42""L x 30""W x 10""H"
207480,1,"42""L x 30""W x 30""H"
207481,1,"42""L x 32""W"
207482,1,"42""L x 32""W x 8""H"
207483,1,"42""L x 35.25""W x 36.5""H"
207484,1,"42""L x 36""W x 6""H"
207485,1,"42""L x 42""W x 5""H"
207486,1,"42""L x 42""W x 24""H"
207487,1,"42""L x 60""W x 8""H"
207488,1,"42.2""L x 36.3""W x 37.5""H"
207489,1,"42.5""L x 27.6""W x 30.9""H"
207490,1,"43 Count"
207491,1,"43 in"
207492,1,"43""L x 28""W"
207493,1,"43""L x 28""W x 8""H"
207494,1,"43""L x 28""W x 30""H"
207495,1,"43""L x 28""W x 32""H"
207496,1,"43""L x 30""W"
207497,1,"43""L x 33""W x 3""H"
207498,1,"43.3""L x 29.5""W x 30.5""H"
207499,1,"43.5""L x 37.75""W"
207500,1,"43.8""L x 34""W x 25.8""H"
207501,1,"43.75""L x 28.25""W x 30.25""H"
207502,1,"44 Oz"
207503,1,"44""L x 32""W x 0.5""H"
207504,1,"44""L x 35""W"
207505,1,"44""L x 35""W x 4""H"
207506,1,"44""L x 36"" H"
207507,1,"44""L x 36""W x 5""H"
207508,1,"44.75""L x 32""W x 32.25""H"
207509,1,"45 Count"
207510,1,"45 Lb"
207511,1,"45 Qt"
207512,1,"45""L x 29""W x 3.75""H"
207513,1,"45""L x 32""W"
207514,1,"45""L x 45""W x 8""H"
207515,1,"45.5""L x 26.5""W x 27.5""H"
207516,1,"45.5""L x 31""W x 32.25""H"
207517,1,"45.5""L x 33""W x 33""H"
207518,1,"46 Lb Bonus Bag"
207519,1,"46""L x 29""W"
207520,1,"46""L x 43""W"
207521,1,"46""L x 46""W x 28""H"
207522,1,"46""L x 55""W"
207523,1,"46.8 Lb"
207524,1,"46.875""L x 29.125""W"
207525,1,"47 Lb"
207526,1,"47""L x 28""W"
207527,1,"47""L x 28""W x 1.5""H"
207528,1,"47.5""L x 29""W x 1""H"
207529,1,"48 Count"
207530,1,"48 Fl Oz"
207531,1,"48 Oz"
207532,1,"48""L x 24""W x 30""H"
207533,1,"48""L x 30""W"
207534,1,"48""L x 30""W x 32""H"
207535,1,"48""L x 30""W x 33""H"
207536,1,"48""L x 32""W x 35""H"
207537,1,"48""L x 34""W"
207538,1,"48""L x 36""W"
207539,1,"48""L x 36""W x 4""H"
207540,1,"48""L x 36""W x 10""H"
207541,1,"48""L x 38""W x 8""H"
207542,1,"48""L x 48""W"
207543,1,"48""L x 48""W x 30""H"
207544,1,"48""L x 69""W x 4""H"
207545,1,"48""W x 28""H"
207546,1,"48""W x 48""D x 28""H"
207547,1,"48.5""L x 47""W x 37""H"
207548,1,"49""L x 29.38""W x 32.25""H"
207549,1,"49""L x 30""W"
207550,1,"49""L x 30""W x 33""H"
207551,1,"49""L x 31""W"
207552,1,"49""L x 31""W x 35""H"
207553,1,"49""L x 35""W x 8""H"
207554,1,"49.1""L x 30.8""W x 32.5""H"
207555,1,"49.75""L x 30.25""W x 32.25""H"
207556,1,"50 Count"
207557,1,"50 Ft"
207558,1,"50 Lb"
207559,1,"50 Oz"
207560,1,"50 Qt"
207561,1,"50 mL"
207562,1,"50""L x 15""W x 4""H"
207563,1,"50""L x 40""W x 5""H"
207564,1,"50""L x 40""W x 10""H"
207565,1,"50""L x 42""W x 5""H"
207566,1,"50""L x 52""W"
207567,1,"50""W x 50""D x 32""H"
207568,1,"50'L x 36""W"
207569,1,"50.7 Fl Oz"
207570,1,"51 Count"
207571,1,"51""L x 33""W"
207572,1,"51""L x 41.25""W x 39.25""H"
207573,1,"51.5""L x 39.3""W x 30""H"
207574,1,"52""L x 35""W x 11""H"
207575,1,"52""L x 40""W x 4""H"
207576,1,"53""L x 22""W"
207577,1,"53""W x 36""H"
207578,1,"54 Oz"
207579,1,"54""L x 24""H"
207580,1,"54""L x 27""W"
207581,1,"54""L x 36""W"
207582,1,"54""L x 36""W x 13""H"
207583,1,"54""L x 37""W"
207584,1,"54.75""L x 36.8""W x 45.5""H"
207585,1,"55 Qt"
207586,1,"55""L x 19.25""W x 23""H"
207587,1,"55""L x 47""W"
207588,1,"55""L x 55""W"
207589,1,"56""L x 16""W x 23""H"
207590,1,"56""L x 54""W"
207591,1,"56""L x 55""W"
207592,1,"57""L x 52""W"
207593,1,"57""L x 57""W"
207594,1,"58 Count"
207595,1,"58""L x 42""W"
207596,1,"58""L x 59""W"
207597,1,"60 Count"
207598,1,"60 Fl Oz"
207599,1,"60 Lb"
207600,1,"60 Oz"
207601,1,"60 mL"
207602,1,"60""L x 30""W"
207603,1,"60""L x 60""W"
207604,1,"61 lbs and Over"
207605,1,"62 Fl Oz"
207606,1,"62""L x 52""W"
207607,1,"62""W x 31""H"
207608,1,"63""L x 63""W x 34.25""H"
207609,1,"63.8""L x 33.1""L x 20.3""H"
207610,1,"64 Count"
207611,1,"64 Fl Oz"
207612,1,"64.6-68.7""L x 31.7-33.7""W x 31.5""H"
207613,1,"65 Qt"
207614,1,"66""L x 16""W x 4""H"
207615,1,"67 Qt"
207616,1,"67.5 Fl Oz"
207617,1,"69""W x 28""H"
207618,1,"70 Count"
207619,1,"70 Fl Oz"
207620,1,"70""L x 17""W x 2.5""H"
207621,1,"70""L x 19.5""W x 4""H"
207622,1,"71""L x 16""W x 4""H"
207623,1,"71""L x 19.5""W x 4""H"
207624,1,"72 Count"
207625,1,"75 Count"
207626,1,"75""L x 30""W"
207627,1,"78""L x 0.75""W x 36""H"
207628,1,"80 Count"
207629,1,"80 Fl Oz"
207630,1,"80""L x 30""H"
207631,1,"81.5""L x 24""H"
207632,1,"81.5""L x 27""H"
207633,1,"81.5""L x 35""H"
207634,1,"84 Count"
207635,1,"84 Oz"
207636,1,"88""L x 36""H"
207637,1,"90 Count"
207638,1,"90 FL Oz"
207639,1,"90""L x 60""W"
207640,1,"96 Count"
207641,1,"96 Fl Oz"
207642,1,"96 Oz"
207643,1,"97""L x 30""W"
207644,1,"100 Count"
207645,1,"100 Fl Oz"
207646,1,"100 Yards"
207647,1,"108 Fl Oz"
207648,1,"110 Count"
207649,1,"120 Count"
207650,1,"120 Fl Oz"
207651,1,"128 Fl Oz"
207652,1,"128 Oz"
207653,1,"129.9-134.4""L x 31.7-33.7""W x 31.5""H"
207654,1,"130 Count"
207655,1,"140 Count"
207656,1,"150 Count"
207657,1,"160 Count"
207658,1,"168 Fl Oz"
207659,1,"170 Fl Oz"
207660,1,"180 Count"
207661,1,"192""L x 24""H"
207662,1,"192""L x 30""H"
207663,1,"192""L x 36""H"
207664,1,"192""L x 42""H"
207665,1,"192""L x 48""H"
207666,1,"200 Count"
207667,1,"200mg/5mL 30 mL"
207668,1,"216 Fl Oz"
207669,1,"240 Count"
207670,1,"250 Count"
207671,1,"288 Fl Oz"
207672,1,"300 Count"
207673,1,"300 Yards"
207674,1,"315 Count"
207675,1,"360 Count"
207676,1,"365 Count"
207677,1,"500 Count"
207678,1,"600 Yards"
207679,1,"900 Yards"
207680,1,"1000 Count"
207681,1,"Alligator & Catfish"
207682,1,Almond
207683,1,Anthracite
207684,1,Apple
207685,1,"Apple & Banana"
207686,1,"Apple & Chicken"
207687,1,"Apple & Green Tea"
207688,1,"Apple & Yogurt"
207689,1,"Apple Cinnamon"
207690,1,Apricot
207691,1,Aqua
207692,1,Assorted
207693,1,Aubergine
207694,1,"Autumn Brown"
207695,1,"Autumn Matte"
207696,1,Avocado
207697,1,Azure
207698,1,BBQ
207699,1,"BBQ Chicken"
207700,1,"Baby Pink"
207701,1,Bacon
207702,1,"Bacon & Cheese"
207703,1,"Bacon & Cheeseburger"
207704,1,"Bacon & Peanut Butter"
207705,1,"Bacon & Potato"
207706,1,"Bacon, Egg & Cheese"
207707,1,"Bacon, Sausage & Pepperoni"
207708,1,"Bacon Cheddar"
207709,1,"Bacon Cheeseburger"
207710,1,Banana
207711,1,"Banana & Honey"
207712,1,"Banana & Yogurt"
207713,1,"Banana, Apple & Carrot"
207714,1,"Banana Buddies"
207715,1,"BeeF, Mango & Turmeric"
207716,1,Beef
207717,1,"Beef & Bacon"
207718,1,"Beef & Barley"
207719,1,"Beef & Bison"
207720,1,"Beef & Blueberry"
207721,1,"Beef & Boar"
207722,1,"Beef & Brown Rice"
207723,1,"Beef & Cheddar"
207724,1,"Beef & Cheese"
207725,1,"Beef & Chicken"
207726,1,"Beef & Chickpea"
207727,1,"Beef & Egg"
207728,1,"Beef & Lamb"
207729,1,"Beef & Liver"
207730,1,"Beef & Pasta"
207731,1,"Beef & Peas"
207732,1,"Beef & Potato"
207733,1,"Beef & Rice"
207734,1,"Beef & Salmon"
207735,1,"Beef & Spinach"
207736,1,"Beef & Sweet Potato"
207737,1,"Beef & Turkey"
207738,1,"Beef & Vegetable"
207739,1,"Beef & Venison"
207740,1,"Beef, Bacon & Cheese"
207741,1,"Beef, Beef Liver & Kale"
207742,1,"Beef, Broccoli & Brown Rice"
207743,1,"Beef, Carrots & Peas"
207744,1,"Beef, Chicken & Bacon"
207745,1,"Beef, Green Beans & Brown Rice"
207746,1,"Beef, Green Beans & Lamb Liver"
207747,1,"Beef, Lamb & White Sweet Potato"
207748,1,"Beef, Noodles & Vegetables"
207749,1,"Beef, Potato & Green Bean"
207750,1,"Beef, Potato & Spinach"
207751,1,"Beef, Potatoes & Apples"
207752,1,"Beef, Sweet Potato & Apple"
207753,1,"Beef, Venison & Lamb"
207754,1,"Beef Liver"
207755,1,"Beef Stew"
207756,1,"Beef Stroganoff"
207757,1,"Beef Tenderloin"
207758,1,"Beef with Carrots"
207759,1,Beige
207760,1,"Berry & Yogurt"
207761,1,"Big Dog Large"
207762,1,"Big Dog Medium"
207763,1,"Big Dog Small"
207764,1,"Big Dog X Large"
207765,1,"Big Dog X Small"
207766,1,Bison
207767,1,"Bison & Beef"
207768,1,"Bison, Oatmeal & Pearled Barley"
207769,1,Black
207770,1,"Black & Clear"
207771,1,"Black & Gray"
207772,1,"Black & Silver"
207773,1,"Black & Tan"
207774,1,"Black Electro"
207775,1,Blue
207776,1,"Blue & Black"
207777,1,"Blue & Gray"
207778,1,"Blue & Yellow"
207779,1,"Blue Lagoon"
207780,1,"Blue Moon"
207781,1,"Blueberry & Peanut Butter"
207782,1,"Blueberry & Pomegranate"
207783,1,"Blueberry & Yogurt"
207784,1,Boar
207785,1,"Bowl 'O Barkgundy"
207786,1,"Bright Blue"
207787,1,"Bright Pink"
207788,1,Bronze
207789,1,Brown
207790,1,"Brown & Beige"
207791,1,"Brown & Gray"
207792,1,"Brown & White"
207793,1,"Brown Leopard"
207794,1,"Brown Rice & Lamb Meal"
207795,1,"Bubblegum Pink"
207796,1,Buckskin
207797,1,Buffalo
207798,1,Burger
207799,1,"Burger with Chedder Cheese"
207800,1,Burgundy
207801,1,"Burnt Orange"
207802,1,Camel
207803,1,Camo
207804,1,Camouflage
207805,1,Caramel
207806,1,Carrot
207807,1,Charcoal
207808,1,Cheese
207809,1,"Cheese & Bacon"
207810,1,"Cheese & Egg"
207811,1,Cheeseburger
207812,1,Cheetah
207813,1,Chestnut
207814,1,"Chestnut Black & Blue"
207815,1,"Chestnut Black & Pink"
207816,1,Chicken
207817,1,"Chicken & Apple"
207818,1,"Chicken & Bacon"
207819,1,"Chicken & Barley"
207820,1,"Chicken & Beef"
207821,1,"Chicken & Blueberry"
207822,1,"Chicken & Brown Rice"
207823,1,"Chicken & Carrot"
207824,1,"Chicken & Chamomile"
207825,1,"Chicken & Cheddar"
207826,1,"Chicken & Cheese"
207827,1,"Chicken & Chicken Liver"
207828,1,"Chicken & Chicken Meal"
207829,1,"Chicken & Cranberries"
207830,1,"Chicken & Duck"
207831,1,"Chicken & Egg"
207832,1,"Chicken & Green Beans"
207833,1,"Chicken & Lamb"
207834,1,"Chicken & Liver"
207835,1,"Chicken & Oatmeal"
207836,1,"Chicken & Oats"
207837,1,"Chicken & Pasta"
207838,1,"Chicken & Pea"
207839,1,"Chicken & Potato"
207840,1,"Chicken & Quinoa"
207841,1,"Chicken & Rice"
207842,1,"Chicken & Salmon"
207843,1,"Chicken & Superfood Blend"
207844,1,"Chicken & Sweet Potato"
207845,1,"Chicken & Tapioca"
207846,1,"Chicken & Trout"
207847,1,"Chicken & Tuna"
207848,1,"Chicken & Turkey"
207849,1,"Chicken & Veal"
207850,1,"Chicken & Vegetable"
207851,1,"Chicken & Venison"
207852,1,"Chicken & Whitefish"
207853,1,"Chicken & Yogurt"
207854,1,"Chicken, Bacon & Cheese"
207855,1,"Chicken, Beef & Lamb"
207856,1,"Chicken, Beef & Liver"
207857,1,"Chicken, Beef, Salmon & Egg"
207858,1,"Chicken, Berries & Ginger"
207859,1,"Chicken, Brown Rice & Duck Meal"
207860,1,"Chicken, Brown Rice & Peas"
207861,1,"Chicken, Brown Rice & Salmon"
207862,1,"Chicken, Brown Rice & Sweet Potato"
207863,1,"Chicken, Brown Rice & Vegetables"
207864,1,"Chicken, Carrot & Duck"
207865,1,"Chicken, Carrots & Barley"
207866,1,"Chicken, Carrots & Green Beans"
207867,1,"Chicken, Carrots & Spinach"
207868,1,"Chicken, Carrots, Potatoes & Peas"
207869,1,"Chicken, Chicken Liver & Broccoli"
207870,1,"Chicken, Chicken Liver & Spinach"
207871,1,"Chicken, Chicken Meal & Duck Meal"
207872,1,"Chicken, Chicken Meal & Salmon Meal"
207873,1,"Chicken, Chickpea & Pumpkin"
207874,1,"Chicken, Coconut & Vanilla"
207875,1,"Chicken, Cranberry & Chamomile"
207876,1,"Chicken, Duck & Brown Rice"
207877,1,"Chicken, Duck & Pheasant"
207878,1,"Chicken, Duck, Kale"
207879,1,"Chicken, Green Beans & Chicken Liver"
207880,1,"Chicken, Lamb & Rice"
207881,1,"Chicken, Lamb & Salmon"
207882,1,"Chicken, Lamb Meal & Salmon Meal"
207883,1,"Chicken, Lentils & Sweet Potato"
207884,1,"Chicken, Oatmeal & Salmon"
207885,1,"Chicken, Oatmeal & Yams"
207886,1,"Chicken, Peas & Potatoes"
207887,1,"Chicken, Potatoes & Apples"
207888,1,"Chicken, Pumpkin & Apple"
207889,1,"Chicken, Pumpkin & Beef"
207890,1,"Chicken, Rice & Barley"
207891,1,"Chicken, Rice & Oatmeal"
207892,1,"Chicken, Rice & Turkey"
207893,1,"Chicken, Rice & Vegetables"
207894,1,"Chicken, Salmon & Carrots"
207895,1,"Chicken, Salmon & Pumpkin"
207896,1,"Chicken, Split Pea & Carrot"
207897,1,"Chicken, Sweet Potato & Green Bean"
207898,1,"Chicken, Sweet Potato & Pumpkin"
207899,1,"Chicken, Vegetable & Brown Rice"
207900,1,"Chicken, Vegetable & Quinoa"
207901,1,"Chicken, Vegetable & Rice"
207902,1,"Chicken Jerky"
207903,1,"Chicken Liver"
207904,1,"Chicken Meal"
207905,1,"Chicken Meal & Barley"
207906,1,"Chicken Meal & Brown Rice"
207907,1,"Chicken Meal & Oats"
207908,1,"Chicken Meal & Potato"
207909,1,"Chicken Meal & Rice"
207910,1,"Chicken Meal & Salmon Meal"
207911,1,"Chicken Meal, Rice & Barley"
207912,1,"Chicken Noodle"
207913,1,"Chicken Pot Pie"
207914,1,"Chicken Stew"
207915,1,"Chicken with Broccoli"
207916,1,Chocolate
207917,1,"Chocolate & Tan"
207918,1,"ChopLick'n Stew"
207919,1,"Chopped Chicken"
207920,1,"Chow-Down Chowder"
207921,1,Chrome
207922,1,Citrus
207923,1,Clear
207924,1,"Coco Brown"
207925,1,Cocoa
207926,1,Coconut
207927,1,Cod
207928,1,"Cod & Shrimp"
207929,1,Coffee
207930,1,"Cold Water Salmon & Vegetable"
207931,1,Copper
207932,1,Coral
207933,1,"Country Stew"
207934,1,Cranberry
207935,1,Cream
207936,1,"Cream & Green"
207937,1,Crimson
207938,1,"Dark Blue"
207939,1,"Dark Chocolate"
207940,1,"Dark Gray"
207941,1,"Dark Green"
207942,1,"Dark Slate"
207943,1,Denim
207944,1,"Denim & Beige"
207945,1,"Denim & Brown"
207946,1,Duck
207947,1,"Duck & Chicken"
207948,1,"Duck & Chickpea"
207949,1,"Duck & Lentils"
207950,1,"Duck & Liver"
207951,1,"Duck & Potato"
207952,1,"Duck & Rice"
207953,1,"Duck & Sweet Potato"
207954,1,"Duck & Turkey"
207955,1,"Duck & Vegetable"
207956,1,"Duck, Lentil & Pears"
207957,1,"Duck, Potatoes & Green Beans"
207958,1,"Duck, Sweet Potato & Whole Peas"
207959,1,"Duck Meal"
207960,1,"Dusty Pink"
207961,1,"Egg, Turkey, Spinach & Cheese"
207962,1,Eggplant
207963,1,"Emerald Green"
207964,1,Espresso
207965,1,Everglade
207966,1,Fern
207967,1,"Fetchin' Catchin's"
207968,1,"Filet Mignon"
207969,1,"Filet Mignon & Bacon"
207970,1,"Filet Mignon & Chicken"
207971,1,"Filet Mignon & Vegetables"
207972,1,Fish
207973,1,"Fish & Brown Rice"
207974,1,"Fish & Fowl"
207975,1,"Fish & Oatmeal"
207976,1,"Fish & Potato"
207977,1,"Fish & Sweet Potato"
207978,1,"Fish Meal"
207979,1,Forest
207980,1,"French Toast"
207981,1,Fresh
207982,1,Fuschia
207983,1,"Garnet Red"
207984,1,Giant
207985,1,Ginormous
207986,1,"Gobbler Cobbler"
207987,1,Gold
207988,1,Gray
207989,1,"Gray & Black"
207990,1,Green
207991,1,"Green & Black"
207992,1,"Green & Blue"
207993,1,Grey
207994,1,"Grilled Chicken"
207995,1,"Grilled Steak & Eggs"
207996,1,"Halibut & Salmon"
207997,1,"Ham & Egg"
207998,1,Hibiscus
207999,1,"Hickory Smoke"
208000,1,Honey
208001,1,"Honey Wheat"
208002,1,"Hot Fudge"
208003,1,"Hot Pink"
208004,1,"Hunter Green"
208005,1,Indigo
208006,1,Intermediate
208007,1,Ivory
208008,1,Jaguar
208009,1,Jumbo
208010,1,Junior
208011,1,Kangaroo
208012,1,"Kangaroo & Cranberry"
208013,1,Khaki
208014,1,King
208015,1,Lamb
208016,1,"Lamb & Apple"
208017,1,"Lamb & Beef"
208018,1,"Lamb & Brown Rice"
208019,1,"Lamb & Carrots"
208020,1,"Lamb & Chicken"
208021,1,"Lamb & Chickpea"
208022,1,"Lamb & Cod"
208023,1,"Lamb & Lamb Meal"
208024,1,"Lamb & Lentils"
208025,1,"Lamb & Oat Meal"
208026,1,"Lamb & Oatmeal"
208027,1,"Lamb & Pea"
208028,1,"Lamb & Potato"
208029,1,"Lamb & Rice"
208030,1,"Lamb & Salmon"
208031,1,"Lamb & Sweet Potato"
208032,1,"Lamb & Vegetable"
208033,1,"Lamb & Venison"
208034,1,"Lamb, Brown Rice & Pearled Barley"
208035,1,"Lamb, Chicken & Tomato"
208036,1,"Lamb, Goat Liver & Boar"
208037,1,"Lamb, Lentils & Sweet Potato"
208038,1,"Lamb, Rice & Barley"
208039,1,"Lamb, Saba, Kelp"
208040,1,"Lamb, Salmon, Fruits & Veggies"
208041,1,"Lamb, Sweet Potato & Cranberry"
208042,1,"Lamb, Turkey & Kale"
208043,1,"Lamb, Vegetable & Rice"
208044,1,"Lamb Liver"
208045,1,"Lamb Meal"
208046,1,"Lamb Meal & Brown Rice"
208047,1,"Lamb Meal & Rice"
208048,1,"Lamb Stew"
208049,1,Large
208050,1,"Large/X Large"
208051,1,"Large Tall"
208052,1,Lavender
208053,1,Leopard
208054,1,"Light Blue"
208055,1,"Light Brown"
208056,1,"Light Pink"
208057,1,"Light Purple"
208058,1,Lime
208059,1,"Lime Green"
208060,1,Linen
208061,1,Liver
208062,1,"Liver & Beef"
208063,1,"Mackerel, Chicken, Mussels"
208064,1,Mahogany
208065,1,Marine
208066,1,Maroon
208067,1,"Meat Lasagna"
208068,1,Meatball
208069,1,Medium
208070,1,Medium/Large
208071,1,"Medium Extra Long"
208072,1,Mill
208073,1,Mini
208074,1,Mint
208075,1,"Mixed Berry"
208076,1,Mocha
208077,1,"Mocha & Green"
208078,1,"Modern Gray"
208079,1,Multi-color
208080,1,Natural
208081,1,Navy
208082,1,"Navy & Tan"
208083,1,"Neon Green"
208084,1,"Neon Pink"
208085,1,"New York Strip"
208086,1,"New York Strip & Filet Mignon"
208087,1,"Oatmeal & Pumpkin"
208088,1,"Oatmeal, Pearled Barley & Ocean Fish"
208089,1,Ocean
208090,1,"Ocean Whitefish, Salmon & Sweet Potato"
208091,1,"Oceanfish & Tuna"
208092,1,Olive
208093,1,"One Size"
208094,1,Orange
208095,1,"Orange & Blue"
208096,1,"Orange & Yellow"
208097,1,Orchid
208098,1,Original
208099,1,"Original Roasted Vanilla"
208100,1,Other
208101,1,"Over 40 lbs"
208102,1,Pacific
208103,1,"Palm Green"
208104,1,"Parsley Mint"
208105,1,"Pawpaya Pilaf"
208106,1,Peach
208107,1,Peanut
208108,1,"Peanut Butter"
208109,1,"Peanut Butter & Apple"
208110,1,"Peanut Butter & Banana"
208111,1,"Peanut Butter & Caramel"
208112,1,"Peanut Butter & Jelly"
208113,1,Pear
208114,1,Pearl
208115,1,Peat
208116,1,Pepperoni
208117,1,Petite
208118,1,Pink
208119,1,"Pink & Black"
208120,1,"Pink & Brown"
208121,1,"Pink & Gray"
208122,1,"Pink Flamingo"
208123,1,Plaid
208124,1,Pollock
208125,1,Pork
208126,1,"Pork & Rabbit"
208127,1,"Pork, Pineapple & Thyme"
208128,1,Porterhouse
208129,1,"Pot Roast"
208130,1,"Pot Roast with Vegetables"
208131,1,"Potato & Duck"
208132,1,"Potato & Salmon"
208133,1,"Powder Blue & White"
208134,1,"Prime Rib"
208135,1,"Prime Rib & Bacon"
208136,1,Pumpkin
208137,1,"Pumpkin & Cinnamon"
208138,1,"Pumpkin, Lamb & Duck"
208139,1,Puppy
208140,1,Purple
208141,1,"Purple & Green"
208142,1,"Purple & Teal"
208143,1,Quail
208144,1,Rabbit
208145,1,"Rabbit & Apples"
208146,1,Raspberry
208147,1,Red
208148,1,"Red & Blue"
208149,1,"Red & Gray"
208150,1,"Red Meat"
208151,1,"Red Poppy"
208152,1,Regular
208153,1,Ribeye
208154,1,"Rice & Egg"
208155,1,"Rice, Vegetable & Chicken"
208156,1,"Roast Beef"
208157,1,"Roasted Chicken"
208158,1,Rose
208159,1,"Rosemary Chicken & Vegetable"
208160,1,"Rotisserie Chicken"
208161,1,"Royal Blue"
208162,1,Russet
208163,1,Rust
208164,1,Saddle
208165,1,Sage
208166,1,"Sage & Tan"
208167,1,"Sage Green & Beige"
208168,1,Sahara
208169,1,Salmon
208170,1,"Salmon & Brown Rice"
208171,1,"Salmon & Chickpea"
208172,1,"Salmon & Lentils"
208173,1,"Salmon & Liver"
208174,1,"Salmon & Ocean Whitefish"
208175,1,"Salmon & Oceanfish"
208176,1,"Salmon & Potato"
208177,1,"Salmon & Rice"
208178,1,"Salmon & Sweet Potato"
208179,1,"Salmon & Tuna"
208180,1,"Salmon, Egg & Pumpkin"
208181,1,"Salmon, Sweet Potato & Pumpkin"
208182,1,"Salmon, Tuna & Spinach"
208183,1,"Salmon, Venison & Halibut"
208184,1,"Salmon, Whitefish & Herring"
208185,1,"Salmon Meal & Sunflower Oil"
208186,1,Sand
208187,1,"Sapphire Blue"
208188,1,Satin
208189,1,"Sausage, Egg & Cheese"
208190,1,"Scrambled Egg & Sausage"
208191,1,"Set 1"
208192,1,"Shepherd's Pie"
208193,1,"Shredded Beef"
208194,1,Silver
208195,1,"Silver & Grey"
208196,1,"Sirloin Steak"
208197,1,"Sky Blue"
208198,1,Slate
208199,1,Small
208200,1,Small/Medium
208201,1,Small/Medium/Large
208202,1,"Small Long"
208203,1,Smoke
208204,1,"Smoked Bacon & Egg"
208205,1,Snow
208206,1,Souper
208207,1,"Spa Blue"
208208,1,Spinach
208209,1,Steak
208210,1,"Steak & Eggs"
208211,1,"Steak & Vegetable"
208212,1,Stew
208213,1,Stone
208214,1,Storm
208215,1,"Strawberry & Applesauce"
208216,1,"Strawberry & Mint"
208217,1,"Sunday Chicken Dinner"
208218,1,"Sunset Orange"
208219,1,"Superfood Blend"
208220,1,"Sweet Potato"
208221,1,"Sweet Potato & Bison"
208222,1,"Sweet Potato & Chicken"
208223,1,"Sweet Potato & Fish"
208224,1,"Sweet Potato & Salmon"
208225,1,"Sweet Potato & Venison"
208226,1,"Sweetie S'mores"
208227,1,"T-Bone Steak"
208228,1,"T-Bone Steak, Egg & Cheese"
208229,1,Tan
208230,1,"Tan & Brown"
208231,1,"Tan & Green"
208232,1,Taupe
208233,1,"Taupe & Gray"
208234,1,Teal
208235,1,"Teal & Orange"
208236,1,"Tide Pool"
208237,1,Tiny
208238,1,"Top Sirloin"
208239,1,Trout
208240,1,"Trout & Pea"
208241,1,"Trout, Venison & Rabbit"
208242,1,"Tuna & Beef"
208243,1,"Tuna & Egg"
208244,1,"Tuna & Turkey"
208245,1,"Tuna, Chicken & Kale"
208246,1,Turkey
208247,1,"Turkey & Bacon"
208248,1,"Turkey & Barley"
208249,1,"Turkey & Brown Rice"
208250,1,"Turkey & Chicken"
208251,1,"Turkey & Chickpea"
208252,1,"Turkey & Cod"
208253,1,"Turkey & Cranberry"
208254,1,"Turkey & Dressing"
208255,1,"Turkey & Duck"
208256,1,"Turkey & Giblets"
208257,1,"Turkey & Hearty Vegetable"
208258,1,"Turkey & Lamb"
208259,1,"Turkey & Lentils"
208260,1,"Turkey & Peas"
208261,1,"Turkey & Pot Roast"
208262,1,"Turkey & Potato"
208263,1,"Turkey & Pumpkin"
208264,1,"Turkey & Rice"
208265,1,"Turkey & Salmon"
208266,1,"Turkey & Sweet Potato"
208267,1,"Turkey & Vegetable"
208268,1,"Turkey & Venison"
208269,1,"Turkey, Carrot & Potato"
208270,1,"Turkey, Chicken & Quail"
208271,1,"Turkey, Chicken Liver & Turkey Liver"
208272,1,"Turkey, Chicken Meal & Salmon Meal"
208273,1,"Turkey, Duck & Pheasant"
208274,1,"Turkey, Duck & Quail"
208275,1,"Turkey, Duck & White Sweet Potato"
208276,1,"Turkey, Green Beans & Potatoes"
208277,1,"Turkey, Oatmeal & Pumpkin"
208278,1,"Turkey, Peas, Duck & Salmon"
208279,1,"Turkey, Quail & Duck"
208280,1,"Turkey, Sweet Potato & Cinnamon"
208281,1,"Turkey, Vegetable & Rice"
208282,1,"Turkey Bacon"
208283,1,"Turkey Meal"
208284,1,"Turkey with Spinach"
208285,1,Turquoise
208286,1,Umber
208287,1,"Under 15 lbs"
208288,1,Variety
208289,1,"Vegan Garden Medley"
208290,1,"Vegetable & Beef Stew"
208291,1,"Vegetable & Chicken Stew"
208292,1,"Vegetable & Tuna Stew"
208293,1,Vegetarian
208294,1,Venison
208295,1,"Venison & Duck"
208296,1,"Venison & Lamb"
208297,1,"Venison & Sweet Potato"
208298,1,"Venison Meal & Rice"
208299,1,"Venison Meal & Sweet Potato"
208300,1,Vintage
208301,1,"Vintage Tan"
208302,1,"Vintage Tan & Red"
208303,1,Wheat
208304,1,White
208305,1,"White & Black"
208306,1,"White Fish & Brown Rice"
208307,1,Whitefish
208308,1,"Whitefish & Potato"
208309,1,"Whitefish & Salmon"
208310,1,"Whitefish & Sweet Potato"
208311,1,"Whitefish & Turkey"
208312,1,"Wild Game"
208313,1,Wine
208314,1,Wolf
208315,1,X-Large
208316,1,"X Large"
208317,1,"X Small"
208318,1,"X Small/Small"
208319,1,XX-Large
208320,1,Yellow
208321,1,"Yellow & Green"
208322,1,Yogurt
208323,1,"Yogurt, Apples & Bananas"
208324,1,Zebra
208325,1,"one size"
